<?xml version="1.0" encoding="UTF-8"?>
<project-private xmlns="http://www.netbeans.org/ns/project-private/1">
    <editor-bookmarks xmlns="http://www.netbeans.org/ns/editor-bookmarks/2" lastBookmarkId="0"/>
    <open-files xmlns="http://www.netbeans.org/ns/projectui-open-files/2">
        <group>
            <file>file:/G:/cycle2/1CS/1CS/1CS2014-2015/THP/TPs/TP2_THP/TP2_THP/src/tp2_thp/BoiteDeDialogue.java</file>
            <file>file:/G:/cycle2/1CS/1CS/1CS2014-2015/THP/TPs/TP2_THP/TP2_THP/src/tp2_thp/FXMLDocumentController.java</file>
            <file>file:/G:/cycle2/1CS/1CS/1CS2014-2015/THP/TPs/TP2_THP/TP2_THP/src/tp2_thp/Automate.java</file>
            <file>file:/G:/cycle2/1CS/1CS/1CS2014-2015/THP/TPs/TP2_THP/TP2_THP/src/tp2_thp/Controle.java</file>
        </group>
    </open-files>
</project-private>
